"ProcessName","Path"
"ApplicationFrameHost","C:\Windows\system32\ApplicationFrameHost.exe"
"audiodg","C:\Windows\system32\AUDIODG.EXE"
"BatteryInfoView","C:\Users\22cha\OneDrive\Desktop\BatteryInfoView.exe"
"CefSharp.BrowserSubprocess","C:\Program Files (x86)\Razer\Razer Services\Razer Central\CefSharp.BrowserSubprocess.exe"
"CefSharp.BrowserSubprocess","C:\Program Files (x86)\Razer\Razer Services\Razer Central\CefSharp.BrowserSubprocess.exe"
"CefSharp.BrowserSubprocess","C:\Program Files (x86)\Razer\Razer Services\Razer Central\CefSharp.BrowserSubprocess.exe"
"CefSharp.BrowserSubprocess","C:\Program Files (x86)\Razer\Razer Services\Razer Central\CefSharp.BrowserSubprocess.exe"
"CefSharp.BrowserSubprocess","C:\Program Files (x86)\Razer\Razer Services\Razer Central\CefSharp.BrowserSubprocess.exe"
"chrome","C:\Program Files\Google\Chrome\Application\chrome.exe"
"chrome","C:\Program Files\Google\Chrome\Application\chrome.exe"
"chrome","C:\Program Files\Google\Chrome\Application\chrome.exe"
"chrome","C:\Program Files\Google\Chrome\Application\chrome.exe"
"chrome","C:\Program Files\Google\Chrome\Application\chrome.exe"
"chrome","C:\Program Files\Google\Chrome\Application\chrome.exe"
"chrome","C:\Program Files\Google\Chrome\Application\chrome.exe"
"chrome","C:\Program Files\Google\Chrome\Application\chrome.exe"
"chrome","C:\Program Files\Google\Chrome\Application\chrome.exe"
"chrome","C:\Program Files\Google\Chrome\Application\chrome.exe"
"chrome","C:\Program Files\Google\Chrome\Application\chrome.exe"
"chrome","C:\Program Files\Google\Chrome\Application\chrome.exe"
"chrome","C:\Program Files\Google\Chrome\Application\chrome.exe"
"chrome","C:\Program Files\Google\Chrome\Application\chrome.exe"
"chrome","C:\Program Files\Google\Chrome\Application\chrome.exe"
"CompPkgSrv","C:\Windows\System32\CompPkgSrv.exe"
"conhost","C:\Windows\system32\conhost.exe"
"conhost","C:\Windows\system32\conhost.exe"
"conhost","C:\Windows\system32\conhost.exe"
"CortexLauncherService","C:\Program Files (x86)\Razer\Razer Cortex\CortexLauncherService.exe"
"csrss",
"csrss",
"ctfmon","C:\Windows\system32\ctfmon.exe"
"dasHost","C:\Windows\system32\dashost.exe"
"DCv2","C:\Program Files\WindowsApps\9426MICRO-STARINTERNATION.MSICenter_2.0.26.0_x64__kzh8wxbdkxb8p\DCv2\DCv2.exe"
"dllhost","C:\Windows\system32\DllHost.exe"
"dllhost","C:\Windows\system32\DllHost.exe"
"dllhost","C:\Windows\system32\DllHost.exe"
"dwm","C:\Windows\system32\dwm.exe"
"esif_uf","C:\Windows\System32\DriverStore\FileRepository\dptf_cpu.inf_amd64_4ce8bafd96682424\esif_uf.exe"
"explorer","C:\Windows\Explorer.EXE"
"fontdrvhost","C:\Windows\system32\fontdrvhost.exe"
"fontdrvhost","C:\Windows\system32\fontdrvhost.exe"
"gameinputsvc","C:\Program Files (x86)\Microsoft GameInput\x64\gameinputsvc.exe"
"gameinputsvc","C:\Program Files (x86)\Microsoft GameInput\x64\gameinputsvc.exe"
"GameManagerService","C:\Program Files (x86)\Razer\Razer Services\GMS\GameManagerService.exe"
"GameManagerService3","C:\Program Files (x86)\Razer\Razer Services\GMS3\GameManagerService3.exe"
"gamingservices","C:\Program Files\WindowsApps\Microsoft.GamingServices_15.81.24001.0_x64__8wekyb3d8bbwe\GamingServices.exe"
"gamingservicesnet","C:\Program Files\WindowsApps\Microsoft.GamingServices_15.81.24001.0_x64__8wekyb3d8bbwe\GamingServicesNet.exe"
"GoogleCrashHandler","C:\Program Files (x86)\Google\Update\1.3.36.312\GoogleCrashHandler.exe"
"GoogleCrashHandler64","C:\Program Files (x86)\Google\Update\1.3.36.312\GoogleCrashHandler64.exe"
"Grammarly.Desktop","C:\Users\22cha\AppData\Local\Grammarly\DesktopIntegrations\Grammarly.Desktop.exe"
"Idle",
"IGCC","C:\Program Files\WindowsApps\AppUp.IntelGraphicsExperience_1.100.5185.0_x64__8j3eq9eme6ctt\IGCC.exe"
"IGCCTray","C:\Program Files\WindowsApps\AppUp.IntelGraphicsExperience_1.100.5185.0_x64__8j3eq9eme6ctt\GCP.ML.BackgroundSysTray\IGCCTray.exe"
"igfxCUIServiceN","C:\Windows\System32\DriverStore\FileRepository\cui_dch.inf_amd64_baf36d4852e8e257\igfxCUIServiceN.exe"
"igfxEMN","C:\Windows\System32\DriverStore\FileRepository\cui_dch.inf_amd64_baf36d4852e8e257\igfxEMN.exe"
"IntelCpHDCPSvc","C:\Windows\System32\DriverStore\FileRepository\iigd_dch.inf_amd64_ebc0281fc6e2a5a7\IntelCpHDCPSvc.exe"
"jhi_service","C:\Windows\System32\DriverStore\FileRepository\dal.inf_amd64_b5484efd38adbe8d\jhi_service.exe"
"LEDKeeper2","C:\Program Files (x86)\MSI\MSI Center\Mystic Light\LEDKeeper2.exe"
"LightKeeperService","C:\Program Files (x86)\MSI\MSI Center\Mystic Light\LightKeeperService.exe"
"LMS","C:\Windows\System32\DriverStore\FileRepository\lms.inf_amd64_fddb643595e0b8d0\LMS.exe"
"LockApp","C:\Windows\SystemApps\Microsoft.LockApp_cw5n1h2txyewy\LockApp.exe"
"lsass","C:\Windows\system32\lsass.exe"
"mDNSResponder","C:\Program Files (x86)\Bonjour\mDNSResponder.exe"
"Memory Compression",
"msedgewebview2","C:\Program Files (x86)\Microsoft\EdgeWebView\Application\119.0.2151.44\msedgewebview2.exe"
"msedgewebview2","C:\Program Files (x86)\Microsoft\EdgeWebView\Application\119.0.2151.44\msedgewebview2.exe"
"msedgewebview2","C:\Program Files (x86)\Microsoft\EdgeWebView\Application\119.0.2151.44\msedgewebview2.exe"
"msedgewebview2","C:\Program Files (x86)\Microsoft\EdgeWebView\Application\119.0.2151.44\msedgewebview2.exe"
"msedgewebview2","C:\Program Files (x86)\Microsoft\EdgeWebView\Application\119.0.2151.44\msedgewebview2.exe"
"msedgewebview2","C:\Program Files (x86)\Microsoft\EdgeWebView\Application\119.0.2151.44\msedgewebview2.exe"
"MSI.CentralServer","C:\Program Files (x86)\MSI\MSI Center\MSI.CentralServer.exe"
"MSI.TerminalServer","C:\Program Files (x86)\MSI\MSI Center\MSI.TerminalServer.exe"
"MSI_Central_Service","C:\Program Files (x86)\MSI\MSI Center\MSI_Central_Service.exe"
"MSIAPService","C:\Program Files (x86)\MSI\MSI NBFoundation Service\MSIAPService.exe"
"MSIService","C:\Windows\SysWOW64\MSIService.exe"
"MsMpEng",
"Mystic_Light_Service","C:\Program Files (x86)\MSI\MSI Center\Mystic Light\Mystic_Light_Service.exe"
"nahimicNotifSys","C:\Users\22cha\AppData\Local\NhNotifSys\nahimic\nahimicNotifSys.exe"
"NahimicService","C:\Windows\system32\NahimicService.exe"
"NisSrv",
"nvcontainer","C:\Program Files\NVIDIA Corporation\NvContainer\nvcontainer.exe"
"nvcontainer","C:\Program Files\NVIDIA Corporation\NvContainer\nvcontainer.exe"
"NVDisplay.Container","C:\Windows\System32\DriverStore\FileRepository\nvmii.inf_amd64_8f74fa682aa661a5\Display.NvContainer\NVDisplay.Container.exe"
"NVDisplay.Container","C:\Windows\System32\DriverStore\FileRepository\nvmii.inf_amd64_8f74fa682aa661a5\Display.NvContainer\NVDisplay.Container.exe"
"NVIDIA Web Helper","C:\Program Files (x86)\NVIDIA Corporation\NvNode\NVIDIA Web Helper.exe"
"OfficeClickToRun","C:\Program Files\Common Files\Microsoft Shared\ClickToRun\OfficeClickToRun.exe"
"OmApSvcBroker","C:\Program Files (x86)\MSI\MSI NBFoundation Service\OmApSvcBroker.exe"
"OneApp.IGCC.WinService","C:\Windows\System32\DriverStore\FileRepository\igcc_dch.inf_amd64_a439e07c373809e2\OneApp.IGCC.WinService.exe"
"powershell_ise","C:\Windows\system32\WindowsPowerShell\v1.0\PowerShell_ISE.exe"
"Razer Central","C:\Program Files (x86)\Razer\Razer Services\Razer Central\Razer Central.exe"
"Razer Synapse 3","C:\Program Files (x86)\Razer\Synapse3\WPFUI\Framework\Razer Synapse 3 Host\Razer Synapse 3.exe"
"Razer Synapse Service","C:\Program Files (x86)\Razer\Synapse3\Service\Razer Synapse Service.exe"
"Razer Synapse Service Process","C:\Program Files (x86)\Razer\Synapse3\Service\..\UserProcess\Razer Synapse Service Process.exe"
"RazerCentralService","C:\Program Files (x86)\Razer\Razer Services\Razer Central\RazerCentralService.exe"
"Registry",
"RtkAudUService64","C:\Windows\System32\DriverStore\FileRepository\realtekservice.inf_amd64_a4555e9b35287491\RtkAudUService64.exe"
"RtkAudUService64","C:\Windows\System32\DriverStore\FileRepository\realtekservice.inf_amd64_a4555e9b35287491\RtkAudUService64.exe"
"rundll32","C:\Windows\system32\rundll32.exe"
"RuntimeBroker","C:\Windows\System32\RuntimeBroker.exe"
"RuntimeBroker","C:\Windows\System32\RuntimeBroker.exe"
"RuntimeBroker","C:\Windows\System32\RuntimeBroker.exe"
"RuntimeBroker","C:\Windows\System32\RuntimeBroker.exe"
"RuntimeBroker","C:\Windows\System32\RuntimeBroker.exe"
"RuntimeBroker","C:\Windows\System32\RuntimeBroker.exe"
"SearchApp","C:\Windows\SystemApps\Microsoft.Windows.Search_cw5n1h2txyewy\SearchApp.exe"
"SearchApp","C:\Windows\SystemApps\Microsoft.Windows.Search_cw5n1h2txyewy\SearchApp.exe"
"SearchFilterHost","C:\Windows\system32\SearchFilterHost.exe"
"SearchIndexer","C:\Windows\system32\SearchIndexer.exe"
"SearchProtocolHost","C:\Windows\system32\SearchProtocolHost.exe"
"SecurityHealthService",
"Sendevsvc","C:\Program Files (x86)\MSI\MSI NBFoundation Service\Sendevsvc.exe"
"services",
"SgrmBroker",
"ShellExperienceHost","C:\Windows\SystemApps\ShellExperienceHost_cw5n1h2txyewy\ShellExperienceHost.exe"
"sihost","C:\Windows\system32\sihost.exe"
"smartscreen","C:\Windows\System32\smartscreen.exe"
"smss",
"spoolsv","C:\Windows\System32\spoolsv.exe"
"Start_HDR","C:\Program Files (x86)\MSI\MSI Center\Base Module\Start_HDR.exe"
"StartMenuExperienceHost","C:\Windows\SystemApps\Microsoft.Windows.StartMenuExperienceHost_cw5n1h2txyewy\StartMenuExperienceHost.exe"
"svchost","C:\Windows\system32\svchost.exe"
"svchost","C:\Windows\system32\svchost.exe"
"svchost","C:\Windows\system32\svchost.exe"
"svchost","C:\Windows\system32\svchost.exe"
"svchost","C:\Windows\system32\svchost.exe"
"svchost","C:\Windows\system32\svchost.exe"
"svchost","C:\Windows\System32\svchost.exe"
"svchost","C:\Windows\system32\svchost.exe"
"svchost","C:\Windows\system32\svchost.exe"
"svchost","C:\Windows\System32\svchost.exe"
"svchost","C:\Windows\system32\svchost.exe"
"svchost","C:\Windows\system32\svchost.exe"
"svchost","C:\Windows\system32\svchost.exe"
"svchost","C:\Windows\system32\svchost.exe"
"svchost","C:\Windows\system32\svchost.exe"
"svchost","C:\Windows\system32\svchost.exe"
"svchost","C:\Windows\System32\svchost.exe"
"svchost","C:\Windows\system32\svchost.exe"
"svchost","C:\Windows\System32\svchost.exe"
"svchost","C:\Windows\system32\svchost.exe"
"svchost","C:\Windows\system32\svchost.exe"
"svchost","C:\Windows\system32\svchost.exe"
"svchost","C:\Windows\system32\svchost.exe"
"svchost","C:\Windows\system32\svchost.exe"
"svchost","C:\Windows\system32\svchost.exe"
"svchost","C:\Windows\system32\svchost.exe"
"svchost","C:\Windows\System32\svchost.exe"
"svchost","C:\Windows\system32\svchost.exe"
"svchost","C:\Windows\System32\svchost.exe"
"svchost","C:\Windows\system32\svchost.exe"
"svchost","C:\Windows\System32\svchost.exe"
"svchost","C:\Windows\system32\svchost.exe"
"svchost","C:\Windows\system32\svchost.exe"
"svchost","C:\Windows\system32\svchost.exe"
"svchost","C:\Windows\System32\svchost.exe"
"svchost","C:\Windows\system32\svchost.exe"
"svchost","C:\Windows\system32\svchost.exe"
"svchost","C:\Windows\System32\svchost.exe"
"svchost",
"svchost","C:\Windows\system32\svchost.exe"
"svchost","C:\Windows\System32\svchost.exe"
"svchost","C:\Windows\system32\svchost.exe"
"svchost","C:\Windows\system32\svchost.exe"
"svchost","C:\Windows\System32\svchost.exe"
"svchost","C:\Windows\System32\svchost.exe"
"svchost","C:\Windows\system32\svchost.exe"
"svchost","C:\Windows\System32\svchost.exe"
"svchost","C:\Windows\system32\svchost.exe"
"svchost","C:\Windows\system32\svchost.exe"
"svchost","C:\Windows\System32\svchost.exe"
"svchost","C:\Windows\system32\svchost.exe"
"svchost","C:\Windows\System32\svchost.exe"
"svchost","C:\Windows\system32\svchost.exe"
"svchost","C:\Windows\System32\svchost.exe"
"svchost","C:\Windows\system32\svchost.exe"
"svchost","C:\Windows\System32\svchost.exe"
"svchost","C:\Windows\System32\svchost.exe"
"svchost","C:\Windows\system32\svchost.exe"
"svchost","C:\Windows\System32\svchost.exe"
"svchost","C:\Windows\system32\svchost.exe"
"svchost","C:\Windows\system32\svchost.exe"
"svchost","C:\Windows\System32\svchost.exe"
"svchost","C:\Windows\system32\svchost.exe"
"svchost","C:\Windows\System32\svchost.exe"
"svchost","C:\Windows\system32\svchost.exe"
"svchost","C:\Windows\system32\svchost.exe"
"svchost","C:\Windows\System32\svchost.exe"
"svchost","C:\Windows\system32\svchost.exe"
"svchost","C:\Windows\System32\svchost.exe"
"svchost",
"svchost","C:\Windows\system32\svchost.exe"
"svchost","C:\Windows\System32\svchost.exe"
"svchost","C:\Windows\system32\svchost.exe"
"svchost","C:\Windows\system32\svchost.exe"
"svchost","C:\Windows\system32\svchost.exe"
"svchost","C:\Windows\system32\svchost.exe"
"svchost","C:\Windows\System32\svchost.exe"
"svchost","C:\Windows\system32\svchost.exe"
"System",
"SystemSettings","C:\Windows\ImmersiveControlPanel\SystemSettings.exe"
"taskhostw","C:\Windows\system32\taskhostw.exe"
"taskhostw","C:\Windows\system32\taskhostw.exe"
"TextInputHost","C:\Windows\SystemApps\MicrosoftWindows.Client.CBS_cw5n1h2txyewy\TextInputHost.exe"
"tmInstall","C:\Program Files\Thrustmaster\FFB Racing wheel\drivers\amd64\tmInstall.EXE"
"UserOOBEBroker","C:\Windows\System32\oobe\UserOOBEBroker.exe"
"VoiceControl_Engine","C:\Program Files (x86)\MSI\MSI Center\Voice Control\VoiceControl_Engine.exe"
"VoiceControl_Service","C:\Program Files (x86)\MSI\MSI Center\Voice Control\VoiceControl_Service.exe"
"VSHelper","C:\Windows\system32\VSHelper.exe"
"VSSrv","C:\Windows\System32\VSSrv.exe"
"wininit",
"winlogon","C:\Windows\system32\winlogon.exe"
"wlanext","C:\Windows\system32\WLANExt.exe"
"WmiPrvSE","C:\Windows\system32\wbem\wmiprvse.exe"
"WmiPrvSE","C:\Windows\system32\wbem\wmiprvse.exe"
"WmiPrvSE","C:\Windows\sysWOW64\wbem\wmiprvse.exe"
"WUDFHost","C:\Windows\System32\WUDFHost.exe"
"WUDFHost","C:\Windows\System32\WUDFHost.exe"
