"Name","PathName"
"AJRouter","C:\Windows\system32\svchost.exe -k LocalServiceNetworkRestricted -p"
"ALG","C:\Windows\System32\alg.exe"
"AppIDSvc","C:\Windows\system32\svchost.exe -k LocalServiceNetworkRestricted -p"
"Appinfo","C:\Windows\system32\svchost.exe -k netsvcs -p"
"AppReadiness","C:\Windows\System32\svchost.exe -k AppReadiness -p"
"AppXSvc","C:\Windows\system32\svchost.exe -k wsappx -p"
"AudioEndpointBuilder","C:\Windows\System32\svchost.exe -k LocalSystemNetworkRestricted -p"
"Audiosrv","C:\Windows\System32\svchost.exe -k LocalServiceNetworkRestricted -p"
"autotimesvc","C:\Windows\system32\svchost.exe -k autoTimeSvc"
"AxInstSV","C:\Windows\system32\svchost.exe -k AxInstSVGroup"
"BDESVC","C:\Windows\System32\svchost.exe -k netsvcs -p"
"BEService","""C:\Program Files (x86)\Common Files\BattlEye\BEService.exe"""
"BFE","C:\Windows\system32\svchost.exe -k LocalServiceNoNetworkFirewall -p"
"BITS","C:\Windows\System32\svchost.exe -k netsvcs -p"
"Bonjour Service","""C:\Program Files (x86)\Bonjour\mDNSResponder.exe"""
"BrokerInfrastructure","C:\Windows\system32\svchost.exe -k DcomLaunch -p"
"BTAGService","C:\Windows\system32\svchost.exe -k LocalServiceNetworkRestricted"
"BthAvctpSvc","C:\Windows\system32\svchost.exe -k LocalService -p"
"bthserv","C:\Windows\system32\svchost.exe -k LocalService -p"
"camsvc","C:\Windows\system32\svchost.exe -k appmodel -p"
"CDPSvc","C:\Windows\system32\svchost.exe -k LocalService -p"
"CertPropSvc","C:\Windows\system32\svchost.exe -k netsvcs"
"ClickToRunSvc","""C:\Program Files\Common Files\Microsoft Shared\ClickToRun\OfficeClickToRun.exe"" /service"
"ClipSVC","C:\Windows\System32\svchost.exe -k wsappx -p"
"COMSysApp","C:\Windows\system32\dllhost.exe /Processid:{02D4B3F1-FD88-11D1-960D-00805FC79235}"
"CoreMessagingRegistrar","C:\Windows\system32\svchost.exe -k LocalServiceNoNetwork -p"
"CortexLauncherService","""C:\Program Files (x86)\Razer\Razer Cortex\CortexLauncherService.exe"""
"cplspcon","C:\Windows\System32\DriverStore\FileRepository\iigd_dch.inf_amd64_ebc0281fc6e2a5a7\IntelCpHDCPSvc.exe"
"CryptSvc","C:\Windows\system32\svchost.exe -k NetworkService -p"
"DcomLaunch","C:\Windows\system32\svchost.exe -k DcomLaunch -p"
"dcsvc","C:\Windows\system32\svchost.exe -k netsvcs -p"
"defragsvc","C:\Windows\system32\svchost.exe -k defragsvc"
"DeviceAssociationService","C:\Windows\system32\svchost.exe -k LocalSystemNetworkRestricted -p"
"DeviceInstall","C:\Windows\system32\svchost.exe -k DcomLaunch -p"
"DevQueryBroker","C:\Windows\system32\svchost.exe -k LocalSystemNetworkRestricted -p"
"Dhcp","C:\Windows\system32\svchost.exe -k LocalServiceNetworkRestricted -p"
"diagnosticshub.standardcollector.service","C:\Windows\system32\DiagSvcs\DiagnosticsHub.StandardCollector.Service.exe"
"diagsvc","C:\Windows\System32\svchost.exe -k diagnostics"
"DiagTrack","C:\Windows\System32\svchost.exe -k utcsvc -p"
"DispBrokerDesktopSvc","C:\Windows\system32\svchost.exe -k LocalService -p"
"DisplayEnhancementService","C:\Windows\system32\svchost.exe -k LocalSystemNetworkRestricted -p"
"DmEnrollmentSvc","C:\Windows\system32\svchost.exe -k netsvcs -p"
"dmwappushservice","C:\Windows\system32\svchost.exe -k netsvcs -p"
"Dnscache","C:\Windows\system32\svchost.exe -k NetworkService -p"
"DoSvc","C:\Windows\System32\svchost.exe -k NetworkService -p"
"dot3svc","C:\Windows\system32\svchost.exe -k LocalSystemNetworkRestricted -p"
"DPS","C:\Windows\System32\svchost.exe -k LocalServiceNoNetwork -p"
"DsmSvc","C:\Windows\system32\svchost.exe -k netsvcs -p"
"DsSvc","C:\Windows\System32\svchost.exe -k LocalSystemNetworkRestricted -p"
"DusmSvc","C:\Windows\System32\svchost.exe -k LocalServiceNetworkRestricted -p"
"Eaphost","C:\Windows\System32\svchost.exe -k netsvcs -p"
"EasyAntiCheat","""C:\Program Files (x86)\EasyAntiCheat\EasyAntiCheat.exe"""
"EasyAntiCheat_EOS","""C:\Program Files (x86)\EasyAntiCheat_EOS\EasyAntiCheat_EOS.exe"""
"edgeupdate","""C:\Program Files (x86)\Microsoft\EdgeUpdate\MicrosoftEdgeUpdate.exe"" /svc"
"edgeupdatem","""C:\Program Files (x86)\Microsoft\EdgeUpdate\MicrosoftEdgeUpdate.exe"" /medsvc"
"EFS","C:\Windows\System32\lsass.exe"
"embeddedmode","C:\Windows\System32\svchost.exe -k LocalSystemNetworkRestricted -p"
"EntAppSvc","C:\Windows\system32\svchost.exe -k appmodel -p"
"EpicOnlineServices","""C:\Program Files (x86)\Epic Games\Epic Online Services\service\EpicOnlineServicesHost.exe"""
"esifsvc","""C:\Windows\System32\DriverStore\FileRepository\dptf_cpu.inf_amd64_4ce8bafd96682424\esif_uf.exe"""
"EventLog","C:\Windows\System32\svchost.exe -k LocalServiceNetworkRestricted -p"
"EventSystem","C:\Windows\system32\svchost.exe -k LocalService -p"
"Fax","C:\Windows\system32\fxssvc.exe"
"fdPHost","C:\Windows\system32\svchost.exe -k LocalService -p"
"FDResPub","C:\Windows\system32\svchost.exe -k LocalServiceAndNoImpersonation -p"
"fhsvc","C:\Windows\system32\svchost.exe -k LocalSystemNetworkRestricted -p"
"FontCache","C:\Windows\system32\svchost.exe -k LocalService -p"
"FrameServer","C:\Windows\System32\svchost.exe -k Camera"
"FvSvc","""C:\Program Files\NVIDIA Corporation\FrameViewSDK\nvfvsdksvc_x64.exe"" -service"
"GameInput Service","""C:\Program Files (x86)\Microsoft GameInput\x64\gameinputsvc.exe"""
"GamingServices","C:\Program Files\WindowsApps\Microsoft.GamingServices_15.81.24001.0_x64__8wekyb3d8bbwe\GamingServices.exe"
"GamingServicesNet","C:\Program Files\WindowsApps\Microsoft.GamingServices_15.81.24001.0_x64__8wekyb3d8bbwe\GamingServicesNet.exe"
"GoogleChromeElevationService","""C:\Program Files\Google\Chrome\Application\119.0.6045.123\elevation_service.exe"""
"gpsvc","C:\Windows\system32\svchost.exe -k netsvcs -p"
"GraphicsPerfSvc","C:\Windows\System32\svchost.exe -k GraphicsPerfSvcGroup"
"gupdate","""C:\Program Files (x86)\Google\Update\GoogleUpdate.exe"" /svc"
"gupdatem","""C:\Program Files (x86)\Google\Update\GoogleUpdate.exe"" /medsvc"
"hidserv","C:\Windows\system32\svchost.exe -k LocalSystemNetworkRestricted -p"
"HvHost","C:\Windows\system32\svchost.exe -k LocalSystemNetworkRestricted -p"
"icssvc","C:\Windows\system32\svchost.exe -k LocalServiceNetworkRestricted -p"
"igccservice","C:\Windows\System32\DriverStore\FileRepository\igcc_dch.inf_amd64_a439e07c373809e2\OneApp.IGCC.WinService.exe"
"igfxCUIService2.0.0.0","C:\Windows\System32\DriverStore\FileRepository\cui_dch.inf_amd64_baf36d4852e8e257\igfxCUIServiceN.exe"
"IKEEXT","C:\Windows\system32\svchost.exe -k netsvcs -p"
"InstallService","C:\Windows\System32\svchost.exe -k netsvcs -p"
"Intel(R) Capability Licensing Service TCP IP Interface","C:\Windows\System32\DriverStore\FileRepository\iclsclient.inf_amd64_76523213b78d9046\lib\SocketHeciServer.exe"
"Intel(R) TPM Provisioning Service","C:\Windows\System32\DriverStore\FileRepository\iclsclient.inf_amd64_76523213b78d9046\lib\TPMProvisioningService.exe"
"IntelAudioService","C:\Windows\System32\DriverStore\FileRepository\intcoed.inf_amd64_625d5a9ea859462f\\AS\\IAS\\IntelAudioService.exe"
"iphlpsvc","C:\Windows\System32\svchost.exe -k NetSvcs -p"
"IpxlatCfgSvc","C:\Windows\System32\svchost.exe -k LocalSystemNetworkRestricted -p"
"jhi_service","C:\Windows\System32\DriverStore\FileRepository\dal.inf_amd64_b5484efd38adbe8d\jhi_service.exe"
"KeyIso","C:\Windows\system32\lsass.exe"
"KtmRm","C:\Windows\System32\svchost.exe -k NetworkServiceAndNoImpersonation -p"
"LanmanServer","C:\Windows\system32\svchost.exe -k netsvcs -p"
"LanmanWorkstation","C:\Windows\System32\svchost.exe -k NetworkService -p"
"lfsvc","C:\Windows\system32\svchost.exe -k netsvcs -p"
"LicenseManager","C:\Windows\System32\svchost.exe -k LocalService -p"
"LightKeeperService","""C:\Program Files (x86)\MSI\MSI Center\Mystic Light\LightKeeperService.exe"""
"lltdsvc","C:\Windows\System32\svchost.exe -k LocalService -p"
"lmhosts","C:\Windows\System32\svchost.exe -k LocalServiceNetworkRestricted -p"
"LMS","C:\Windows\System32\DriverStore\FileRepository\lms.inf_amd64_fddb643595e0b8d0\LMS.exe"
"LSM","C:\Windows\system32\svchost.exe -k DcomLaunch -p"
"LxpSvc","C:\Windows\system32\svchost.exe -k netsvcs"
"MapsBroker","C:\Windows\System32\svchost.exe -k NetworkService -p"
"McpManagementService","C:\Windows\system32\svchost.exe -k McpManagementServiceGroup"
"Micro Star SCM","""C:\Windows\SysWOW64\MSIService.exe"""
"MicrosoftEdgeElevationService","""C:\Program Files (x86)\Microsoft\Edge\Application\119.0.2151.44\elevation_service.exe"""
"MixedRealityOpenXRSvc","C:\Windows\system32\svchost.exe -k LocalSystemNetworkRestricted -p"
"mpssvc","C:\Windows\system32\svchost.exe -k LocalServiceNoNetworkFirewall -p"
"MSDTC","C:\Windows\System32\msdtc.exe"
"MSI Foundation Service","""C:\Program Files (x86)\MSI\MSI NBFoundation Service\MSIAPService.exe"""
"MSI Sendevsvc","""C:\Program Files (x86)\MSI\MSI NBFoundation Service\Sendevsvc.exe"""
"MSiSCSI","C:\Windows\system32\svchost.exe -k netsvcs -p"
"msiserver","C:\Windows\system32\msiexec.exe /V"
"MSI_Center_Service","""C:\Program Files (x86)\MSI\MSI Center\MSI_Central_Service.exe"""
"MSI_VoiceControl_Service","""C:\Program Files (x86)\MSI\MSI Center\Voice Control\VoiceControl_Service.exe"""
"Mystic_Light_Service","""C:\Program Files (x86)\MSI\MSI Center\Mystic Light\Mystic_Light_Service.exe"""
"NahimicService","""C:\Windows\system32\NahimicService.exe"""
"NaturalAuthentication","C:\Windows\system32\svchost.exe -k netsvcs -p"
"NcaSvc","C:\Windows\System32\svchost.exe -k NetSvcs -p"
"NcbService","C:\Windows\System32\svchost.exe -k LocalSystemNetworkRestricted -p"
"NcdAutoSetup","C:\Windows\System32\svchost.exe -k LocalServiceNoNetwork -p"
"Netlogon","C:\Windows\system32\lsass.exe"
"Netman","C:\Windows\System32\svchost.exe -k LocalSystemNetworkRestricted -p"
"netprofm","C:\Windows\System32\svchost.exe -k LocalService -p"
"NetSetupSvc","C:\Windows\System32\svchost.exe -k netsvcs -p"
"NetTcpPortSharing","C:\Windows\Microsoft.NET\Framework64\v4.0.30319\SMSvcHost.exe"
"NgcCtnrSvc","C:\Windows\system32\svchost.exe -k LocalServiceNetworkRestricted -p"
"NgcSvc","C:\Windows\system32\svchost.exe -k LocalSystemNetworkRestricted -p"
"NGS","C:\ProgramData\Nexon\NGS\NGService.exe -service"
"NlaSvc","C:\Windows\System32\svchost.exe -k NetworkService -p"
"nsi","C:\Windows\system32\svchost.exe -k LocalService -p"
"NvContainerLocalSystem","""C:\Program Files\NVIDIA Corporation\NvContainer\nvcontainer.exe"" -s NvContainerLocalSystem -f ""C:\ProgramData\NVIDIA\NvContainerLocalSystem.log"" -l 3 -d ""C:\Program Files\NVIDIA Corporation\NvContainer\plugins\LocalSystem"" -r -p 30000 -st ""C:\Program Files\NVIDIA Corporation\NvContainer\NvContainerTelemetryApi.dll"""
"NVDisplay.ContainerLocalSystem","C:\Windows\System32\DriverStore\FileRepository\nvmii.inf_amd64_8f74fa682aa661a5\Display.NvContainer\NVDisplay.Container.exe -s NVDisplay.ContainerLocalSystem -f C:\ProgramData\NVIDIA\NVDisplay.ContainerLocalSystem.log -l 3 -d C:\Windows\System32\DriverStore\FileRepository\nvmii.inf_amd64_8f74fa682aa661a5\Display.NvContainer\plugins\LocalSystem -r -p 30000 -cfg NVDisplay.ContainerLocalSystem\LocalSystem /ert"
"OverwolfUpdater","""C:\Program Files (x86)\Common Files\Overwolf\OverwolfUpdater.exe"" /RunningFrom SCM"
"p2pimsvc","C:\Windows\System32\svchost.exe -k LocalServicePeerNet"
"p2psvc","C:\Windows\System32\svchost.exe -k LocalServicePeerNet"
"PcaSvc","C:\Windows\system32\svchost.exe -k LocalSystemNetworkRestricted -p"
"perceptionsimulation","C:\Windows\system32\PerceptionSimulation\PerceptionSimulationService.exe"
"PerfHost","C:\Windows\SysWow64\perfhost.exe"
"PhoneSvc","C:\Windows\system32\svchost.exe -k LocalService -p"
"pla","C:\Windows\System32\svchost.exe -k LocalServiceNoNetwork -p"
"PlugPlay","C:\Windows\system32\svchost.exe -k DcomLaunch -p"
"PNRPAutoReg","C:\Windows\System32\svchost.exe -k LocalServicePeerNet"
"PNRPsvc","C:\Windows\System32\svchost.exe -k LocalServicePeerNet"
"PolicyAgent","C:\Windows\system32\svchost.exe -k NetworkServiceNetworkRestricted -p"
"Power","C:\Windows\system32\svchost.exe -k DcomLaunch -p"
"PrintNotify","C:\Windows\system32\svchost.exe -k print"
"ProfSvc","C:\Windows\system32\svchost.exe -k netsvcs -p"
"PushToInstall","C:\Windows\System32\svchost.exe -k netsvcs -p"
"QWAVE","C:\Windows\system32\svchost.exe -k LocalServiceAndNoImpersonation -p"
"RasAuto","C:\Windows\System32\svchost.exe -k netsvcs -p"
"RasMan","C:\Windows\System32\svchost.exe -k netsvcs"
"Razer Game Manager Service","""C:\Program Files (x86)\Razer\Razer Services\GMS\GameManagerService.exe"""
"Razer Game Manager Service 3","""C:\Program Files (x86)\Razer\Razer Services\GMS3\GameManagerService3.exe"""
"Razer Synapse Service","""C:\Program Files (x86)\Razer\Synapse3\Service\Razer Synapse Service.exe"""
"RemoteAccess","C:\Windows\System32\svchost.exe -k netsvcs"
"RemoteRegistry","C:\Windows\system32\svchost.exe -k localService -p"
"RetailDemo","C:\Windows\System32\svchost.exe -k rdxgroup"
"RmSvc","C:\Windows\System32\svchost.exe -k LocalServiceNetworkRestricted"
"Rockstar Service","""C:\Program Files\Rockstar Games\Launcher\RockstarService.exe"""
"RpcEptMapper","C:\Windows\system32\svchost.exe -k RPCSS -p"
"RpcLocator","C:\Windows\system32\locator.exe"
"RpcSs","C:\Windows\system32\svchost.exe -k rpcss -p"
"RtkAudioUniversalService","""C:\Windows\System32\DriverStore\FileRepository\realtekservice.inf_amd64_a4555e9b35287491\RtkAudUService64.exe"""
"RzActionSvc","""C:\Program Files (x86)\Razer\Razer Services\Razer Central\RazerCentralService.exe"""
"SamSs","C:\Windows\system32\lsass.exe"
"SCardSvr","C:\Windows\system32\svchost.exe -k LocalServiceAndNoImpersonation"
"ScDeviceEnum","C:\Windows\system32\svchost.exe -k LocalSystemNetworkRestricted"
"Schedule","C:\Windows\system32\svchost.exe -k netsvcs -p"
"SCPolicySvc","C:\Windows\system32\svchost.exe -k netsvcs"
"SDRSVC","C:\Windows\system32\svchost.exe -k SDRSVC"
"seclogon","C:\Windows\system32\svchost.exe -k netsvcs -p"
"SecurityHealthService","C:\Windows\system32\SecurityHealthService.exe"
"SEMgrSvc","C:\Windows\system32\svchost.exe -k LocalService -p"
"SENS","C:\Windows\system32\svchost.exe -k netsvcs -p"
"SensorDataService","C:\Windows\System32\SensorDataService.exe"
"SensorService","C:\Windows\system32\svchost.exe -k LocalSystemNetworkRestricted -p"
"SensrSvc","C:\Windows\system32\svchost.exe -k LocalServiceAndNoImpersonation -p"
"SessionEnv","C:\Windows\System32\svchost.exe -k netsvcs -p"
"SgrmBroker","C:\Windows\system32\SgrmBroker.exe"
"SharedAccess","C:\Windows\System32\svchost.exe -k netsvcs -p"
"SharedRealitySvc","C:\Windows\system32\svchost.exe -k LocalService -p"
"ShellHWDetection","C:\Windows\System32\svchost.exe -k netsvcs -p"
"shpamsvc","C:\Windows\System32\svchost.exe -k netsvcs -p"
"smphost","C:\Windows\System32\svchost.exe -k smphost"
"SmsRouter","C:\Windows\system32\svchost.exe -k LocalServiceNetworkRestricted -p"
"SNMPTRAP","C:\Windows\System32\snmptrap.exe"
"spectrum","C:\Windows\system32\spectrum.exe"
"Spooler","C:\Windows\System32\spoolsv.exe"
"sppsvc","C:\Windows\system32\sppsvc.exe"
"SSDPSRV","C:\Windows\system32\svchost.exe -k LocalServiceAndNoImpersonation -p"
"ssh-agent","C:\Windows\System32\OpenSSH\ssh-agent.exe"
"SstpSvc","C:\Windows\system32\svchost.exe -k LocalService -p"
"StateRepository","C:\Windows\system32\svchost.exe -k appmodel -p"
"Steam Client Service","""C:\Program Files (x86)\Common Files\Steam\steamservice.exe"" /RunAsService"
"stisvc","C:\Windows\system32\svchost.exe -k imgsvc"
"StorSvc","C:\Windows\System32\svchost.exe -k LocalSystemNetworkRestricted -p"
"svsvc","C:\Windows\system32\svchost.exe -k LocalSystemNetworkRestricted -p"
"swprv","C:\Windows\System32\svchost.exe -k swprv"
"SysMain","C:\Windows\system32\svchost.exe -k LocalSystemNetworkRestricted -p"
"SystemEventsBroker","C:\Windows\system32\svchost.exe -k DcomLaunch -p"
"TabletInputService","C:\Windows\System32\svchost.exe -k LocalSystemNetworkRestricted -p"
"TapiSrv","C:\Windows\System32\svchost.exe -k NetworkService -p"
"TermService","C:\Windows\System32\svchost.exe -k NetworkService"
"Themes","C:\Windows\System32\svchost.exe -k netsvcs -p"
"TieringEngineService","C:\Windows\system32\TieringEngineService.exe"
"TimeBrokerSvc","C:\Windows\system32\svchost.exe -k LocalServiceNetworkRestricted -p"
"tmInstall","C:\Program Files\Thrustmaster\FFB Racing wheel\drivers\amd64\tmInstall.EXE"
"TokenBroker","C:\Windows\system32\svchost.exe -k netsvcs -p"
"TrkWks","C:\Windows\System32\svchost.exe -k LocalSystemNetworkRestricted -p"
"TroubleshootingSvc","C:\Windows\system32\svchost.exe -k netsvcs -p"
"TrustedInstaller","C:\Windows\servicing\TrustedInstaller.exe"
"tzautoupdate","C:\Windows\system32\svchost.exe -k LocalService -p"
"uhssvc","""C:\Program Files\Microsoft Update Health Tools\uhssvc.exe"""
"UmRdpService","C:\Windows\System32\svchost.exe -k LocalSystemNetworkRestricted -p"
"upnphost","C:\Windows\system32\svchost.exe -k LocalServiceAndNoImpersonation -p"
"UserManager","C:\Windows\system32\svchost.exe -k netsvcs -p"
"UsoSvc","C:\Windows\system32\svchost.exe -k netsvcs -p"
"VacSvc","C:\Windows\System32\svchost.exe -k LocalServiceNetworkRestricted -p"
"VaultSvc","C:\Windows\system32\lsass.exe"
"vds","C:\Windows\System32\vds.exe"
"vgc","""C:\Program Files\Riot Vanguard\vgc.exe"""
"VMAuthdService","""C:\Program Files (x86)\VMware\VMware Workstation\vmware-authd.exe"""
"vmicguestinterface","C:\Windows\system32\svchost.exe -k LocalSystemNetworkRestricted -p"
"vmicheartbeat","C:\Windows\system32\svchost.exe -k ICService -p"
"vmickvpexchange","C:\Windows\system32\svchost.exe -k LocalSystemNetworkRestricted -p"
"vmicrdv","C:\Windows\system32\svchost.exe -k ICService -p"
"vmicshutdown","C:\Windows\system32\svchost.exe -k LocalSystemNetworkRestricted -p"
"vmictimesync","C:\Windows\system32\svchost.exe -k LocalServiceNetworkRestricted -p"
"vmicvmsession","C:\Windows\system32\svchost.exe -k LocalSystemNetworkRestricted -p"
"vmicvss","C:\Windows\system32\svchost.exe -k LocalSystemNetworkRestricted -p"
"VMnetDHCP","C:\Windows\SysWOW64\vmnetdhcp.exe"
"VMUSBArbService","""C:\Program Files (x86)\Common Files\VMware\USB\vmware-usbarbitrator64.exe"""
"VMware NAT Service","C:\Windows\SysWOW64\vmnat.exe"
"VmwareAutostartService","""C:\Program Files (x86)\VMware\VMware Workstation\vmware-autostart.exe"""
"VSS","C:\Windows\system32\vssvc.exe"
"VSSrv","""C:\Windows\System32\VSSrv.exe"""
"VSStandardCollectorService150","""C:\Program Files (x86)\Microsoft Visual Studio\Shared\Common\DiagnosticsHub.Collection.Service\StandardCollector.Service.exe"""
"W32Time","C:\Windows\system32\svchost.exe -k LocalService"
"WaaSMedicSvc","C:\Windows\system32\svchost.exe -k wusvcs -p"
"WalletService","C:\Windows\System32\svchost.exe -k appmodel -p"
"WarpJITSvc","C:\Windows\System32\svchost.exe -k LocalServiceNetworkRestricted"
"wbengine","""C:\Windows\system32\wbengine.exe"""
"WbioSrvc","C:\Windows\system32\svchost.exe -k WbioSvcGroup"
"Wcmsvc","C:\Windows\system32\svchost.exe -k LocalServiceNetworkRestricted -p"
"wcncsvc","C:\Windows\System32\svchost.exe -k LocalServiceAndNoImpersonation -p"
"WdiServiceHost","C:\Windows\System32\svchost.exe -k LocalService -p"
"WdiSystemHost","C:\Windows\System32\svchost.exe -k LocalSystemNetworkRestricted -p"
"WdNisSvc","""C:\ProgramData\Microsoft\Windows Defender\Platform\4.18.23100.2009-0\NisSrv.exe"""
"WebClient","C:\Windows\system32\svchost.exe -k LocalService -p"
"Wecsvc","C:\Windows\system32\svchost.exe -k NetworkService -p"
"WEPHOSTSVC","C:\Windows\system32\svchost.exe -k WepHostSvcGroup"
"wercplsupport","C:\Windows\System32\svchost.exe -k netsvcs -p"
"WerSvc","C:\Windows\System32\svchost.exe -k WerSvcGroup"
"WFDSConMgrSvc","C:\Windows\system32\svchost.exe -k LocalServiceNetworkRestricted -p"
"WiaRpc","C:\Windows\system32\svchost.exe -k LocalSystemNetworkRestricted -p"
"WinDefend","""C:\ProgramData\Microsoft\Windows Defender\Platform\4.18.23100.2009-0\MsMpEng.exe"""
"WinHttpAutoProxySvc","C:\Windows\system32\svchost.exe -k LocalServiceNetworkRestricted -p"
"Winmgmt","C:\Windows\system32\svchost.exe -k netsvcs -p"
"WinRM","C:\Windows\System32\svchost.exe -k NetworkService -p"
"wisvc","C:\Windows\system32\svchost.exe -k netsvcs -p"
"WlanSvc","C:\Windows\system32\svchost.exe -k LocalSystemNetworkRestricted -p"
"wlidsvc","C:\Windows\system32\svchost.exe -k netsvcs -p"
"wlpasvc","C:\Windows\system32\svchost.exe -k LocalServiceNetworkRestricted -p"
"WManSvc","C:\Windows\system32\svchost.exe -k netsvcs -p"
"wmiApSrv","C:\Windows\system32\wbem\WmiApSrv.exe"
"WMPNetworkSvc","""C:\Program Files\Windows Media Player\wmpnetwk.exe"""
"workfolderssvc","C:\Windows\System32\svchost.exe -k LocalService -p"
"WpcMonSvc","C:\Windows\system32\svchost.exe -k LocalService"
"WPDBusEnum","C:\Windows\system32\svchost.exe -k LocalSystemNetworkRestricted"
"WpnService","C:\Windows\system32\svchost.exe -k netsvcs -p"
"wscsvc","C:\Windows\System32\svchost.exe -k LocalServiceNetworkRestricted -p"
"WSearch","C:\Windows\system32\SearchIndexer.exe /Embedding"
"wuauserv","C:\Windows\system32\svchost.exe -k netsvcs -p"
"WwanSvc","C:\Windows\system32\svchost.exe -k LocalSystemNetworkRestricted -p"
"XblAuthManager","C:\Windows\system32\svchost.exe -k netsvcs -p"
"XblGameSave","C:\Windows\system32\svchost.exe -k netsvcs -p"
"XboxGipSvc","C:\Windows\system32\svchost.exe -k netsvcs -p"
"XboxNetApiSvc","C:\Windows\system32\svchost.exe -k netsvcs -p"
"AarSvc_1f670a","C:\Windows\system32\svchost.exe -k AarSvcGroup -p"
"BcastDVRUserService_1f670a","C:\Windows\system32\svchost.exe -k BcastDVRUserService"
"BluetoothUserService_1f670a","C:\Windows\system32\svchost.exe -k BthAppGroup -p"
"CaptureService_1f670a","C:\Windows\system32\svchost.exe -k LocalService -p"
"cbdhsvc_1f670a","C:\Windows\system32\svchost.exe -k ClipboardSvcGroup -p"
"CDPUserSvc_1f670a","C:\Windows\system32\svchost.exe -k UnistackSvcGroup"
"ConsentUxUserSvc_1f670a","C:\Windows\system32\svchost.exe -k DevicesFlow"
"CredentialEnrollmentManagerUserSvc_1f670a","C:\Windows\system32\CredentialEnrollmentManager.exe"
"DeviceAssociationBrokerSvc_1f670a","C:\Windows\system32\svchost.exe -k DevicesFlow -p"
"DevicePickerUserSvc_1f670a","C:\Windows\system32\svchost.exe -k DevicesFlow"
"DevicesFlowUserSvc_1f670a","C:\Windows\system32\svchost.exe -k DevicesFlow"
"MessagingService_1f670a","C:\Windows\system32\svchost.exe -k UnistackSvcGroup"
"OneSyncSvc_1f670a","C:\Windows\system32\svchost.exe -k UnistackSvcGroup"
"PimIndexMaintenanceSvc_1f670a","C:\Windows\system32\svchost.exe -k UnistackSvcGroup"
"PrintWorkflowUserSvc_1f670a","C:\Windows\system32\svchost.exe -k PrintWorkflow"
"UdkUserSvc_1f670a","C:\Windows\system32\svchost.exe -k UdkSvcGroup"
"UnistoreSvc_1f670a","C:\Windows\System32\svchost.exe -k UnistackSvcGroup"
"UserDataSvc_1f670a","C:\Windows\system32\svchost.exe -k UnistackSvcGroup"
"WpnUserService_1f670a","C:\Windows\system32\svchost.exe -k UnistackSvcGroup"
