"PSComputerName","__GENUS","__CLASS","__SUPERCLASS","__DYNASTY","__RELPATH","__PROPERTY_COUNT","__DERIVATION","__SERVER","__NAMESPACE","__PATH","ArpAlwaysSourceRoute","ArpUseEtherSNAP","Caption","DatabasePath","DeadGWDetectEnabled","DefaultIPGateway","DefaultTOS","DefaultTTL","Description","DHCPEnabled","DHCPLeaseExpires","DHCPLeaseObtained","DHCPServer","DNSDomain","DNSDomainSuffixSearchOrder","DNSEnabledForWINSResolution","DNSHostName","DNSServerSearchOrder","DomainDNSRegistrationEnabled","ForwardBufferMemory","FullDNSRegistrationEnabled","GatewayCostMetric","IGMPLevel","Index","InterfaceIndex","IPAddress","IPConnectionMetric","IPEnabled","IPFilterSecurityEnabled","IPPortSecurityEnabled","IPSecPermitIPProtocols","IPSecPermitTCPPorts","IPSecPermitUDPPorts","IPSubnet","IPUseZeroBroadcast","IPXAddress","IPXEnabled","IPXFrameType","IPXMediaType","IPXNetworkNumber","IPXVirtualNetNumber","KeepAliveInterval","KeepAliveTime","MACAddress","MTU","NumForwardPackets","PMTUBHDetectEnabled","PMTUDiscoveryEnabled","ServiceName","SettingID","TcpipNetbiosOptions","TcpMaxConnectRetransmissions","TcpMaxDataRetransmissions","TcpNumConnections","TcpUseRFC1122UrgentPointer","TcpWindowSize","WINSEnableLMHostsLookup","WINSHostLookupFile","WINSPrimaryServer","WINSScopeID","WINSSecondaryServer"
"MSI","2","Win32_NetworkAdapterConfiguration","CIM_Setting","CIM_Setting","Win32_NetworkAdapterConfiguration.Index=0","61","System.String[]","MSI","root\cimv2","\\MSI\root\cimv2:Win32_NetworkAdapterConfiguration.Index=0",,,"[00000000] Microsoft Kernel Debug Network Adapter",,,,,,"Microsoft Kernel Debug Network Adapter","True",,,,,,,,,,,,,,"0","14",,,"False",,,,,,,,,,,,,,,,,,,,,"kdnic","{A65FB89F-9458-4933-9E11-046963E2EBFD}",,,,,,,,,,,
"MSI","2","Win32_NetworkAdapterConfiguration","CIM_Setting","CIM_Setting","Win32_NetworkAdapterConfiguration.Index=1","61","System.String[]","MSI","root\cimv2","\\MSI\root\cimv2:Win32_NetworkAdapterConfiguration.Index=1",,,"[00000001] Intel(R) Wi-Fi 6 AX201 160MHz","%SystemRoot%\System32\drivers\etc",,"System.String[]",,"64","Intel(R) Wi-Fi 6 AX201 160MHz","True","20231109161803.000000-300","20231109151803.000000-300","216.93.150.163","champlain.edu","System.String[]","False","MSI","System.String[]","False",,"True","System.UInt16[]",,"1","8","System.String[]","40","True","False",,"System.String[]","System.String[]","System.String[]","System.String[]",,,,,,,,,,"00:91:9E:9C:61:70",,,"True","True","Netwtw10.","{475D7F20-DD9D-462A-8619-E3059E83A4D3}","0",,,,,,"True",,,"",
"MSI","2","Win32_NetworkAdapterConfiguration","CIM_Setting","CIM_Setting","Win32_NetworkAdapterConfiguration.Index=2","61","System.String[]","MSI","root\cimv2","\\MSI\root\cimv2:Win32_NetworkAdapterConfiguration.Index=2",,,"[00000002] VMware Virtual Ethernet Adapter for VMnet1","%SystemRoot%\System32\drivers\etc",,,,"64","VMware Virtual Ethernet Adapter for VMnet1","False",,,,,"System.String[]","False","MSI",,"False",,"True",,,"2","9","System.String[]","35","True","False",,"System.String[]","System.String[]","System.String[]","System.String[]",,,,,,,,,,"00:50:56:C0:00:01",,,"True","True","VMnetAdapter","{550F112C-DE7E-4397-BEBA-DD9CD2ECF27B}","0",,,,,,"True",,,"",
"MSI","2","Win32_NetworkAdapterConfiguration","CIM_Setting","CIM_Setting","Win32_NetworkAdapterConfiguration.Index=3","61","System.String[]","MSI","root\cimv2","\\MSI\root\cimv2:Win32_NetworkAdapterConfiguration.Index=3",,,"[00000003] VMware Virtual Ethernet Adapter for VMnet8","%SystemRoot%\System32\drivers\etc",,,,"64","VMware Virtual Ethernet Adapter for VMnet8","False",,,,,"System.String[]","False","MSI",,"False",,"True",,,"3","18","System.String[]","35","True","False",,"System.String[]","System.String[]","System.String[]","System.String[]",,,,,,,,,,"00:50:56:C0:00:08",,,"True","True","VMnetAdapter","{D34EDAB8-C8EC-4D4E-A37D-316F82BDED05}","0",,,,,,"True",,,"",
"MSI","2","Win32_NetworkAdapterConfiguration","CIM_Setting","CIM_Setting","Win32_NetworkAdapterConfiguration.Index=4","61","System.String[]","MSI","root\cimv2","\\MSI\root\cimv2:Win32_NetworkAdapterConfiguration.Index=4",,,"[00000004] ASIX AX88179 USB 3.0 to Gigabit Ethernet Adapter",,,,,,"ASIX AX88179 USB 3.0 to Gigabit Ethernet Adapter","True",,,,,,,,,,,,,,"4","19",,,"False",,,,,,,,,,,,,,,,,,,,,"AX88179","{D7ABA66F-37FB-49E7-B9AC-1A06B6231CB9}",,,,,,,,,,,
"MSI","2","Win32_NetworkAdapterConfiguration","CIM_Setting","CIM_Setting","Win32_NetworkAdapterConfiguration.Index=5","61","System.String[]","MSI","root\cimv2","\\MSI\root\cimv2:Win32_NetworkAdapterConfiguration.Index=5",,,"[00000005] Bluetooth Device (Personal Area Network)",,,,,,"Bluetooth Device (Personal Area Network)","True",,,,,,,,,,,,,,"5","15",,,"False",,,,,,,,,,,,,,,,,,,,,"BthPan","{BC31D646-E487-42C9-B152-1ABEDAD7B8FC}",,,,,,,,,,,
"MSI","2","Win32_NetworkAdapterConfiguration","CIM_Setting","CIM_Setting","Win32_NetworkAdapterConfiguration.Index=6","61","System.String[]","MSI","root\cimv2","\\MSI\root\cimv2:Win32_NetworkAdapterConfiguration.Index=6",,,"[00000006] WAN Miniport (SSTP)",,,,,,"WAN Miniport (SSTP)","False",,,,,,,,,,,,,,"6","7",,,"False",,,,,,,,,,,,,,,,,,,,,"RasSstp","{37CAA65D-61CB-4664-8FCB-FC33F73409A2}",,,,,,,,,,,
"MSI","2","Win32_NetworkAdapterConfiguration","CIM_Setting","CIM_Setting","Win32_NetworkAdapterConfiguration.Index=7","61","System.String[]","MSI","root\cimv2","\\MSI\root\cimv2:Win32_NetworkAdapterConfiguration.Index=7",,,"[00000007] WAN Miniport (IKEv2)",,,,,,"WAN Miniport (IKEv2)","False",,,,,,,,,,,,,,"7","17",,,"False",,,,,,,,,,,,,,,,,,,,,"RasAgileVpn","{CF50B4F4-35A1-48A6-9E4E-F55C3D2C0EC3}",,,,,,,,,,,
"MSI","2","Win32_NetworkAdapterConfiguration","CIM_Setting","CIM_Setting","Win32_NetworkAdapterConfiguration.Index=8","61","System.String[]","MSI","root\cimv2","\\MSI\root\cimv2:Win32_NetworkAdapterConfiguration.Index=8",,,"[00000008] WAN Miniport (L2TP)",,,,,,"WAN Miniport (L2TP)","False",,,,,,,,,,,,,,"8","4",,,"False",,,,,,,,,,,,,,,,,,,,,"Rasl2tp","{118A698E-D417-44A5-B283-993AB642296F}",,,,,,,,,,,
"MSI","2","Win32_NetworkAdapterConfiguration","CIM_Setting","CIM_Setting","Win32_NetworkAdapterConfiguration.Index=9","61","System.String[]","MSI","root\cimv2","\\MSI\root\cimv2:Win32_NetworkAdapterConfiguration.Index=9",,,"[00000009] WAN Miniport (PPTP)",,,,,,"WAN Miniport (PPTP)","False",,,,,,,,,,,,,,"9","12",,,"False",,,,,,,,,,,,,,,,,,,,,"PptpMiniport","{82D54E4D-A371-46FF-9D7D-D3D852203A2C}",,,,,,,,,,,
"MSI","2","Win32_NetworkAdapterConfiguration","CIM_Setting","CIM_Setting","Win32_NetworkAdapterConfiguration.Index=10","61","System.String[]","MSI","root\cimv2","\\MSI\root\cimv2:Win32_NetworkAdapterConfiguration.Index=10",,,"[00000010] WAN Miniport (PPPOE)",,,,,,"WAN Miniport (PPPOE)","False",,,,,,,,,,,,,,"10","21",,,"False",,,,,,,,,,,,,,,,,,,,,"RasPppoe","{FB7473BC-BAC1-4B95-B6CA-0B582AFC3791}",,,,,,,,,,,
"MSI","2","Win32_NetworkAdapterConfiguration","CIM_Setting","CIM_Setting","Win32_NetworkAdapterConfiguration.Index=11","61","System.String[]","MSI","root\cimv2","\\MSI\root\cimv2:Win32_NetworkAdapterConfiguration.Index=11",,,"[00000011] WAN Miniport (IP)",,,,,,"WAN Miniport (IP)","False",,,,,,,,,,,,,,"11","16",,,"False",,,,,,,,,,,,,,,,"4A:0E:20:52:41:53",,,,,"NdisWan","{C80DAA85-1FBE-4EAB-82A2-30F6E8BD556A}",,,,,,,,,,,
"MSI","2","Win32_NetworkAdapterConfiguration","CIM_Setting","CIM_Setting","Win32_NetworkAdapterConfiguration.Index=12","61","System.String[]","MSI","root\cimv2","\\MSI\root\cimv2:Win32_NetworkAdapterConfiguration.Index=12",,,"[00000012] WAN Miniport (IPv6)",,,,,,"WAN Miniport (IPv6)","False",,,,,,,,,,,,,,"12","3",,,"False",,,,,,,,,,,,,,,,"4E:C4:20:52:41:53",,,,,"NdisWan","{0BE6A58B-98D1-4756-AE5A-68AB3A4A3798}",,,,,,,,,,,
"MSI","2","Win32_NetworkAdapterConfiguration","CIM_Setting","CIM_Setting","Win32_NetworkAdapterConfiguration.Index=13","61","System.String[]","MSI","root\cimv2","\\MSI\root\cimv2:Win32_NetworkAdapterConfiguration.Index=13",,,"[00000013] WAN Miniport (Network Monitor)",,,,,,"WAN Miniport (Network Monitor)","False",,,,,,,,,,,,,,"13","10",,,"False",,,,,,,,,,,,,,,,"52:C4:20:52:41:53",,,,,"NdisWan","{6281F2D4-BEA1-4AC9-AD19-E492AEC45862}",,,,,,,,,,,
"MSI","2","Win32_NetworkAdapterConfiguration","CIM_Setting","CIM_Setting","Win32_NetworkAdapterConfiguration.Index=14","61","System.String[]","MSI","root\cimv2","\\MSI\root\cimv2:Win32_NetworkAdapterConfiguration.Index=14",,,"[00000014] RAS Async Adapter",,,,,,"RAS Async Adapter","False",,,,,,,,,,,,,,"14","5",,,"False",,,,,,,,,,,,,,,,,,,,,"AsyncMac","{250B1893-B361-46CD-A52E-C7AFA301727E}",,,,,,,,,,,
"MSI","2","Win32_NetworkAdapterConfiguration","CIM_Setting","CIM_Setting","Win32_NetworkAdapterConfiguration.Index=19","61","System.String[]","MSI","root\cimv2","\\MSI\root\cimv2:Win32_NetworkAdapterConfiguration.Index=19",,,"[00000019] Microsoft Wi-Fi Direct Virtual Adapter",,,,,,"Microsoft Wi-Fi Direct Virtual Adapter","True",,,,,,,,,,,,,,"19","11",,,"False",,,,,,,,,,,,,,,,"00:91:9E:9C:61:71",,,,,"vwifimp","{79083844-6CED-4D2C-9240-FD44B812A415}",,,,,,,,,,,
"MSI","2","Win32_NetworkAdapterConfiguration","CIM_Setting","CIM_Setting","Win32_NetworkAdapterConfiguration.Index=20","61","System.String[]","MSI","root\cimv2","\\MSI\root\cimv2:Win32_NetworkAdapterConfiguration.Index=20",,,"[00000020] Microsoft Wi-Fi Direct Virtual Adapter",,,,,,"Microsoft Wi-Fi Direct Virtual Adapter","True",,,,,,,,,,,,,,"20","20",,,"False",,,,,,,,,,,,,,,,"02:91:9E:9C:61:70",,,,,"vwifimp","{EA194F97-6845-4A6B-89C8-4EA9662A21B3}",,,,,,,,,,,
