"AccountExpires","Description","Enabled","FullName","PasswordChangeableDate","PasswordExpires","UserMayChangePassword","PasswordRequired","PasswordLastSet","LastLogon","Name","SID","PrincipalSource","ObjectClass"
,"","True","tyler chasse","10/20/2021 3:22:54 PM",,"True","True","10/20/2021 3:22:54 PM",,"22cha","S-1-5-21-2996903744-1013943502-1924336455-1001","MicrosoftAccount","User"
,"Built-in account for administering the computer/domain","False","",,,"True","True",,"10/20/2021 3:08:33 PM","Administrator","S-1-5-21-2996903744-1013943502-1924336455-500","Local","User"
,"A user account managed by the system.","False","",,,"True","False",,,"DefaultAccount","S-1-5-21-2996903744-1013943502-1924336455-503","Local","User"
,"Built-in account for guest access to the computer/domain","False","",,,"False","False",,,"Guest","S-1-5-21-2996903744-1013943502-1924336455-501","Local","User"
,"A user account managed and used by the system for Windows Defender Application Guard scenarios.","False","","11/19/2020 2:30:15 AM","12/31/2020 2:30:15 AM","True","True","11/19/2020 2:30:15 AM",,"WDAGUtilityAccount","S-1-5-21-2996903744-1013943502-1924336455-504","Local","User"
