"EventID","MachineName","Data","Index","Category","CategoryNumber","EntryType","Message","Source","ReplacementStrings","InstanceId","TimeGenerated","TimeWritten","UserName","Site","Container"
"4624","MSI","System.Byte[]","1490883","(12544)","12544","SuccessAudit","An account was successfully logged on.

Subject:
	Security ID:		S-1-5-18
	Account Name:		MSI$
	Account Domain:		WORKGROUP
	Logon ID:		0x3e7

Logon Information:
	Logon Type:		5
	Restricted Admin Mode:	-
	Virtual Account:		%%1843
	Elevated Token:		%%1842

Impersonation Level:		%%1833

New Logon:
	Security ID:		S-1-5-18
	Account Name:		SYSTEM
	Account Domain:		NT AUTHORITY
	Logon ID:		0x3e7
	Linked Logon ID:		0x0
	Network Account Name:	-
	Network Account Domain:	-
	Logon GUID:		{00000000-0000-0000-0000-000000000000}

Process Information:
	Process ID:		0x3e4
	Process Name:		C:\Windows\System32\services.exe

Network Information:
	Workstation Name:	-
	Source Network Address:	-
	Source Port:		-

Detailed Authentication Information:
	Logon Process:		Advapi  
	Authentication Package:	Negotiate
	Transited Services:	-
	Package Name (NTLM only):	-
	Key Length:		0

This event is generated when a logon session is created. It is generated on the computer that was accessed.

The subject fields indicate the account on the local system which requested the logon. This is most commonly a service such as the Server service, or a local process such as Winlogon.exe or Services.exe.

The logon type field indicates the kind of logon that occurred. The most common types are 2 (interactive) and 3 (network).

The New Logon fields indicate the account for whom the new logon was created, i.e. the account that was logged on.

The network fields indicate where a remote logon request originated. Workstation name is not always available and may be left blank in some cases.

The impersonation level field indicates the extent to which a process in the logon session can impersonate.

The authentication information fields provide detailed information about this specific logon request.
	- Logon GUID is a unique identifier that can be used to correlate this event with a KDC event.
	- Transited services indicate which intermediate services have participated in this logon request.
	- Package name indicates which sub-protocol was used among the NTLM protocols.
	- Key length indicates the length of the generated session key. This will be 0 if no session key was requested.","Microsoft-Windows-Security-Auditing","System.String[]","4624","11/9/2023 3:34:40 PM","11/9/2023 3:34:40 PM",,,
"4624","MSI","System.Byte[]","1490881","(12544)","12544","SuccessAudit","An account was successfully logged on.

Subject:
	Security ID:		S-1-5-18
	Account Name:		MSI$
	Account Domain:		WORKGROUP
	Logon ID:		0x3e7

Logon Information:
	Logon Type:		5
	Restricted Admin Mode:	-
	Virtual Account:		%%1843
	Elevated Token:		%%1842

Impersonation Level:		%%1833

New Logon:
	Security ID:		S-1-5-18
	Account Name:		SYSTEM
	Account Domain:		NT AUTHORITY
	Logon ID:		0x3e7
	Linked Logon ID:		0x0
	Network Account Name:	-
	Network Account Domain:	-
	Logon GUID:		{00000000-0000-0000-0000-000000000000}

Process Information:
	Process ID:		0x3e4
	Process Name:		C:\Windows\System32\services.exe

Network Information:
	Workstation Name:	-
	Source Network Address:	-
	Source Port:		-

Detailed Authentication Information:
	Logon Process:		Advapi  
	Authentication Package:	Negotiate
	Transited Services:	-
	Package Name (NTLM only):	-
	Key Length:		0

This event is generated when a logon session is created. It is generated on the computer that was accessed.

The subject fields indicate the account on the local system which requested the logon. This is most commonly a service such as the Server service, or a local process such as Winlogon.exe or Services.exe.

The logon type field indicates the kind of logon that occurred. The most common types are 2 (interactive) and 3 (network).

The New Logon fields indicate the account for whom the new logon was created, i.e. the account that was logged on.

The network fields indicate where a remote logon request originated. Workstation name is not always available and may be left blank in some cases.

The impersonation level field indicates the extent to which a process in the logon session can impersonate.

The authentication information fields provide detailed information about this specific logon request.
	- Logon GUID is a unique identifier that can be used to correlate this event with a KDC event.
	- Transited services indicate which intermediate services have participated in this logon request.
	- Package name indicates which sub-protocol was used among the NTLM protocols.
	- Key length indicates the length of the generated session key. This will be 0 if no session key was requested.","Microsoft-Windows-Security-Auditing","System.String[]","4624","11/9/2023 3:33:17 PM","11/9/2023 3:33:17 PM",,,
"4624","MSI","System.Byte[]","1490879","(12544)","12544","SuccessAudit","An account was successfully logged on.

Subject:
	Security ID:		S-1-5-18
	Account Name:		MSI$
	Account Domain:		WORKGROUP
	Logon ID:		0x3e7

Logon Information:
	Logon Type:		5
	Restricted Admin Mode:	-
	Virtual Account:		%%1843
	Elevated Token:		%%1842

Impersonation Level:		%%1833

New Logon:
	Security ID:		S-1-5-18
	Account Name:		SYSTEM
	Account Domain:		NT AUTHORITY
	Logon ID:		0x3e7
	Linked Logon ID:		0x0
	Network Account Name:	-
	Network Account Domain:	-
	Logon GUID:		{00000000-0000-0000-0000-000000000000}

Process Information:
	Process ID:		0x3e4
	Process Name:		C:\Windows\System32\services.exe

Network Information:
	Workstation Name:	-
	Source Network Address:	-
	Source Port:		-

Detailed Authentication Information:
	Logon Process:		Advapi  
	Authentication Package:	Negotiate
	Transited Services:	-
	Package Name (NTLM only):	-
	Key Length:		0

This event is generated when a logon session is created. It is generated on the computer that was accessed.

The subject fields indicate the account on the local system which requested the logon. This is most commonly a service such as the Server service, or a local process such as Winlogon.exe or Services.exe.

The logon type field indicates the kind of logon that occurred. The most common types are 2 (interactive) and 3 (network).

The New Logon fields indicate the account for whom the new logon was created, i.e. the account that was logged on.

The network fields indicate where a remote logon request originated. Workstation name is not always available and may be left blank in some cases.

The impersonation level field indicates the extent to which a process in the logon session can impersonate.

The authentication information fields provide detailed information about this specific logon request.
	- Logon GUID is a unique identifier that can be used to correlate this event with a KDC event.
	- Transited services indicate which intermediate services have participated in this logon request.
	- Package name indicates which sub-protocol was used among the NTLM protocols.
	- Key length indicates the length of the generated session key. This will be 0 if no session key was requested.","Microsoft-Windows-Security-Auditing","System.String[]","4624","11/9/2023 3:31:23 PM","11/9/2023 3:31:23 PM",,,
"4624","MSI","System.Byte[]","1490861","(12544)","12544","SuccessAudit","An account was successfully logged on.

Subject:
	Security ID:		S-1-5-18
	Account Name:		MSI$
	Account Domain:		WORKGROUP
	Logon ID:		0x3e7

Logon Information:
	Logon Type:		5
	Restricted Admin Mode:	-
	Virtual Account:		%%1843
	Elevated Token:		%%1842

Impersonation Level:		%%1833

New Logon:
	Security ID:		S-1-5-18
	Account Name:		SYSTEM
	Account Domain:		NT AUTHORITY
	Logon ID:		0x3e7
	Linked Logon ID:		0x0
	Network Account Name:	-
	Network Account Domain:	-
	Logon GUID:		{00000000-0000-0000-0000-000000000000}

Process Information:
	Process ID:		0x3e4
	Process Name:		C:\Windows\System32\services.exe

Network Information:
	Workstation Name:	-
	Source Network Address:	-
	Source Port:		-

Detailed Authentication Information:
	Logon Process:		Advapi  
	Authentication Package:	Negotiate
	Transited Services:	-
	Package Name (NTLM only):	-
	Key Length:		0

This event is generated when a logon session is created. It is generated on the computer that was accessed.

The subject fields indicate the account on the local system which requested the logon. This is most commonly a service such as the Server service, or a local process such as Winlogon.exe or Services.exe.

The logon type field indicates the kind of logon that occurred. The most common types are 2 (interactive) and 3 (network).

The New Logon fields indicate the account for whom the new logon was created, i.e. the account that was logged on.

The network fields indicate where a remote logon request originated. Workstation name is not always available and may be left blank in some cases.

The impersonation level field indicates the extent to which a process in the logon session can impersonate.

The authentication information fields provide detailed information about this specific logon request.
	- Logon GUID is a unique identifier that can be used to correlate this event with a KDC event.
	- Transited services indicate which intermediate services have participated in this logon request.
	- Package name indicates which sub-protocol was used among the NTLM protocols.
	- Key length indicates the length of the generated session key. This will be 0 if no session key was requested.","Microsoft-Windows-Security-Auditing","System.String[]","4624","11/9/2023 3:25:46 PM","11/9/2023 3:25:46 PM",,,
"4624","MSI","System.Byte[]","1490794","(12544)","12544","SuccessAudit","An account was successfully logged on.

Subject:
	Security ID:		S-1-5-18
	Account Name:		MSI$
	Account Domain:		WORKGROUP
	Logon ID:		0x3e7

Logon Information:
	Logon Type:		5
	Restricted Admin Mode:	-
	Virtual Account:		%%1843
	Elevated Token:		%%1842

Impersonation Level:		%%1833

New Logon:
	Security ID:		S-1-5-18
	Account Name:		SYSTEM
	Account Domain:		NT AUTHORITY
	Logon ID:		0x3e7
	Linked Logon ID:		0x0
	Network Account Name:	-
	Network Account Domain:	-
	Logon GUID:		{00000000-0000-0000-0000-000000000000}

Process Information:
	Process ID:		0x3e4
	Process Name:		C:\Windows\System32\services.exe

Network Information:
	Workstation Name:	-
	Source Network Address:	-
	Source Port:		-

Detailed Authentication Information:
	Logon Process:		Advapi  
	Authentication Package:	Negotiate
	Transited Services:	-
	Package Name (NTLM only):	-
	Key Length:		0

This event is generated when a logon session is created. It is generated on the computer that was accessed.

The subject fields indicate the account on the local system which requested the logon. This is most commonly a service such as the Server service, or a local process such as Winlogon.exe or Services.exe.

The logon type field indicates the kind of logon that occurred. The most common types are 2 (interactive) and 3 (network).

The New Logon fields indicate the account for whom the new logon was created, i.e. the account that was logged on.

The network fields indicate where a remote logon request originated. Workstation name is not always available and may be left blank in some cases.

The impersonation level field indicates the extent to which a process in the logon session can impersonate.

The authentication information fields provide detailed information about this specific logon request.
	- Logon GUID is a unique identifier that can be used to correlate this event with a KDC event.
	- Transited services indicate which intermediate services have participated in this logon request.
	- Package name indicates which sub-protocol was used among the NTLM protocols.
	- Key length indicates the length of the generated session key. This will be 0 if no session key was requested.","Microsoft-Windows-Security-Auditing","System.String[]","4624","11/9/2023 3:25:45 PM","11/9/2023 3:25:45 PM",,,
"4624","MSI","System.Byte[]","1490790","(12544)","12544","SuccessAudit","An account was successfully logged on.

Subject:
	Security ID:		S-1-5-18
	Account Name:		MSI$
	Account Domain:		WORKGROUP
	Logon ID:		0x3e7

Logon Information:
	Logon Type:		5
	Restricted Admin Mode:	-
	Virtual Account:		%%1843
	Elevated Token:		%%1842

Impersonation Level:		%%1833

New Logon:
	Security ID:		S-1-5-18
	Account Name:		SYSTEM
	Account Domain:		NT AUTHORITY
	Logon ID:		0x3e7
	Linked Logon ID:		0x0
	Network Account Name:	-
	Network Account Domain:	-
	Logon GUID:		{00000000-0000-0000-0000-000000000000}

Process Information:
	Process ID:		0x3e4
	Process Name:		C:\Windows\System32\services.exe

Network Information:
	Workstation Name:	-
	Source Network Address:	-
	Source Port:		-

Detailed Authentication Information:
	Logon Process:		Advapi  
	Authentication Package:	Negotiate
	Transited Services:	-
	Package Name (NTLM only):	-
	Key Length:		0

This event is generated when a logon session is created. It is generated on the computer that was accessed.

The subject fields indicate the account on the local system which requested the logon. This is most commonly a service such as the Server service, or a local process such as Winlogon.exe or Services.exe.

The logon type field indicates the kind of logon that occurred. The most common types are 2 (interactive) and 3 (network).

The New Logon fields indicate the account for whom the new logon was created, i.e. the account that was logged on.

The network fields indicate where a remote logon request originated. Workstation name is not always available and may be left blank in some cases.

The impersonation level field indicates the extent to which a process in the logon session can impersonate.

The authentication information fields provide detailed information about this specific logon request.
	- Logon GUID is a unique identifier that can be used to correlate this event with a KDC event.
	- Transited services indicate which intermediate services have participated in this logon request.
	- Package name indicates which sub-protocol was used among the NTLM protocols.
	- Key length indicates the length of the generated session key. This will be 0 if no session key was requested.","Microsoft-Windows-Security-Auditing","System.String[]","4624","11/9/2023 3:25:27 PM","11/9/2023 3:25:27 PM",,,
"4624","MSI","System.Byte[]","1490788","(12544)","12544","SuccessAudit","An account was successfully logged on.

Subject:
	Security ID:		S-1-5-18
	Account Name:		MSI$
	Account Domain:		WORKGROUP
	Logon ID:		0x3e7

Logon Information:
	Logon Type:		5
	Restricted Admin Mode:	-
	Virtual Account:		%%1843
	Elevated Token:		%%1842

Impersonation Level:		%%1833

New Logon:
	Security ID:		S-1-5-18
	Account Name:		SYSTEM
	Account Domain:		NT AUTHORITY
	Logon ID:		0x3e7
	Linked Logon ID:		0x0
	Network Account Name:	-
	Network Account Domain:	-
	Logon GUID:		{00000000-0000-0000-0000-000000000000}

Process Information:
	Process ID:		0x3e4
	Process Name:		C:\Windows\System32\services.exe

Network Information:
	Workstation Name:	-
	Source Network Address:	-
	Source Port:		-

Detailed Authentication Information:
	Logon Process:		Advapi  
	Authentication Package:	Negotiate
	Transited Services:	-
	Package Name (NTLM only):	-
	Key Length:		0

This event is generated when a logon session is created. It is generated on the computer that was accessed.

The subject fields indicate the account on the local system which requested the logon. This is most commonly a service such as the Server service, or a local process such as Winlogon.exe or Services.exe.

The logon type field indicates the kind of logon that occurred. The most common types are 2 (interactive) and 3 (network).

The New Logon fields indicate the account for whom the new logon was created, i.e. the account that was logged on.

The network fields indicate where a remote logon request originated. Workstation name is not always available and may be left blank in some cases.

The impersonation level field indicates the extent to which a process in the logon session can impersonate.

The authentication information fields provide detailed information about this specific logon request.
	- Logon GUID is a unique identifier that can be used to correlate this event with a KDC event.
	- Transited services indicate which intermediate services have participated in this logon request.
	- Package name indicates which sub-protocol was used among the NTLM protocols.
	- Key length indicates the length of the generated session key. This will be 0 if no session key was requested.","Microsoft-Windows-Security-Auditing","System.String[]","4624","11/9/2023 3:24:15 PM","11/9/2023 3:24:15 PM",,,
"4624","MSI","System.Byte[]","1490786","(12544)","12544","SuccessAudit","An account was successfully logged on.

Subject:
	Security ID:		S-1-5-18
	Account Name:		MSI$
	Account Domain:		WORKGROUP
	Logon ID:		0x3e7

Logon Information:
	Logon Type:		5
	Restricted Admin Mode:	-
	Virtual Account:		%%1843
	Elevated Token:		%%1842

Impersonation Level:		%%1833

New Logon:
	Security ID:		S-1-5-18
	Account Name:		SYSTEM
	Account Domain:		NT AUTHORITY
	Logon ID:		0x3e7
	Linked Logon ID:		0x0
	Network Account Name:	-
	Network Account Domain:	-
	Logon GUID:		{00000000-0000-0000-0000-000000000000}

Process Information:
	Process ID:		0x3e4
	Process Name:		C:\Windows\System32\services.exe

Network Information:
	Workstation Name:	-
	Source Network Address:	-
	Source Port:		-

Detailed Authentication Information:
	Logon Process:		Advapi  
	Authentication Package:	Negotiate
	Transited Services:	-
	Package Name (NTLM only):	-
	Key Length:		0

This event is generated when a logon session is created. It is generated on the computer that was accessed.

The subject fields indicate the account on the local system which requested the logon. This is most commonly a service such as the Server service, or a local process such as Winlogon.exe or Services.exe.

The logon type field indicates the kind of logon that occurred. The most common types are 2 (interactive) and 3 (network).

The New Logon fields indicate the account for whom the new logon was created, i.e. the account that was logged on.

The network fields indicate where a remote logon request originated. Workstation name is not always available and may be left blank in some cases.

The impersonation level field indicates the extent to which a process in the logon session can impersonate.

The authentication information fields provide detailed information about this specific logon request.
	- Logon GUID is a unique identifier that can be used to correlate this event with a KDC event.
	- Transited services indicate which intermediate services have participated in this logon request.
	- Package name indicates which sub-protocol was used among the NTLM protocols.
	- Key length indicates the length of the generated session key. This will be 0 if no session key was requested.","Microsoft-Windows-Security-Auditing","System.String[]","4624","11/9/2023 3:23:37 PM","11/9/2023 3:23:37 PM",,,
"4624","MSI","System.Byte[]","1490784","(12544)","12544","SuccessAudit","An account was successfully logged on.

Subject:
	Security ID:		S-1-5-18
	Account Name:		MSI$
	Account Domain:		WORKGROUP
	Logon ID:		0x3e7

Logon Information:
	Logon Type:		5
	Restricted Admin Mode:	-
	Virtual Account:		%%1843
	Elevated Token:		%%1842

Impersonation Level:		%%1833

New Logon:
	Security ID:		S-1-5-18
	Account Name:		SYSTEM
	Account Domain:		NT AUTHORITY
	Logon ID:		0x3e7
	Linked Logon ID:		0x0
	Network Account Name:	-
	Network Account Domain:	-
	Logon GUID:		{00000000-0000-0000-0000-000000000000}

Process Information:
	Process ID:		0x3e4
	Process Name:		C:\Windows\System32\services.exe

Network Information:
	Workstation Name:	-
	Source Network Address:	-
	Source Port:		-

Detailed Authentication Information:
	Logon Process:		Advapi  
	Authentication Package:	Negotiate
	Transited Services:	-
	Package Name (NTLM only):	-
	Key Length:		0

This event is generated when a logon session is created. It is generated on the computer that was accessed.

The subject fields indicate the account on the local system which requested the logon. This is most commonly a service such as the Server service, or a local process such as Winlogon.exe or Services.exe.

The logon type field indicates the kind of logon that occurred. The most common types are 2 (interactive) and 3 (network).

The New Logon fields indicate the account for whom the new logon was created, i.e. the account that was logged on.

The network fields indicate where a remote logon request originated. Workstation name is not always available and may be left blank in some cases.

The impersonation level field indicates the extent to which a process in the logon session can impersonate.

The authentication information fields provide detailed information about this specific logon request.
	- Logon GUID is a unique identifier that can be used to correlate this event with a KDC event.
	- Transited services indicate which intermediate services have participated in this logon request.
	- Package name indicates which sub-protocol was used among the NTLM protocols.
	- Key length indicates the length of the generated session key. This will be 0 if no session key was requested.","Microsoft-Windows-Security-Auditing","System.String[]","4624","11/9/2023 3:23:36 PM","11/9/2023 3:23:36 PM",,,
"4624","MSI","System.Byte[]","1490782","(12544)","12544","SuccessAudit","An account was successfully logged on.

Subject:
	Security ID:		S-1-5-18
	Account Name:		MSI$
	Account Domain:		WORKGROUP
	Logon ID:		0x3e7

Logon Information:
	Logon Type:		5
	Restricted Admin Mode:	-
	Virtual Account:		%%1843
	Elevated Token:		%%1842

Impersonation Level:		%%1833

New Logon:
	Security ID:		S-1-5-18
	Account Name:		SYSTEM
	Account Domain:		NT AUTHORITY
	Logon ID:		0x3e7
	Linked Logon ID:		0x0
	Network Account Name:	-
	Network Account Domain:	-
	Logon GUID:		{00000000-0000-0000-0000-000000000000}

Process Information:
	Process ID:		0x3e4
	Process Name:		C:\Windows\System32\services.exe

Network Information:
	Workstation Name:	-
	Source Network Address:	-
	Source Port:		-

Detailed Authentication Information:
	Logon Process:		Advapi  
	Authentication Package:	Negotiate
	Transited Services:	-
	Package Name (NTLM only):	-
	Key Length:		0

This event is generated when a logon session is created. It is generated on the computer that was accessed.

The subject fields indicate the account on the local system which requested the logon. This is most commonly a service such as the Server service, or a local process such as Winlogon.exe or Services.exe.

The logon type field indicates the kind of logon that occurred. The most common types are 2 (interactive) and 3 (network).

The New Logon fields indicate the account for whom the new logon was created, i.e. the account that was logged on.

The network fields indicate where a remote logon request originated. Workstation name is not always available and may be left blank in some cases.

The impersonation level field indicates the extent to which a process in the logon session can impersonate.

The authentication information fields provide detailed information about this specific logon request.
	- Logon GUID is a unique identifier that can be used to correlate this event with a KDC event.
	- Transited services indicate which intermediate services have participated in this logon request.
	- Package name indicates which sub-protocol was used among the NTLM protocols.
	- Key length indicates the length of the generated session key. This will be 0 if no session key was requested.","Microsoft-Windows-Security-Auditing","System.String[]","4624","11/9/2023 3:21:52 PM","11/9/2023 3:21:52 PM",,,
